0,1,2,3
ос,нейронный,повышение,найти
долгий,сеть,энергоэффективность,интересный
время,идентифицировать,сокращение,документ
попрекать,владелец,затрата,перерисовывать
медлительность,голос,устойчивый,положение
файловый,лицо,развитие,человек
операция,открывать,важный,фотография
медленный,рота,люба,скоро
создание,искусственный,промышленный,видео
процесс,интеллект,компания,поделиться
почему,способный,продукт,поделиться
попробовать,распознавать,решать,твитнуть
сделать,речь,задача,нейронный
ещ,случай,требовать,сеть
медленный,ролик,капитальный,скармливать
статья,человек,инвестиция,фото
показать,закрыть,изменение,находить
способ,рука,технология,человек
замедление,рота,производство,фотография
файловый,инженер,работать,перерисовывать
операция,компания,накопить,изображение
примерно,пока,дать,менять
нормальный,понимать,предлагать,поза
скорость,использовать,специализировать,любой
большой,разработать,решение,желаемый
прич,технология,оптимизация,меняться
метр,издание,важный,фон
способ,отмечать,процесс,положение
практически,область,повышение,тело
поддаваться,применение,общий,довольно
отслеживание,система,операционный,реалистично
обычный,очень,эффективность,тренировать
пользователь,широкий,технология,нейронку
ещ,начинать,машинный,множество
научиться,групповой,обучение,видео
подобный,видеочат,искусственный,человек
ситуация,запись,интеллект,заниматься
обнаруживать,голос,позволять,различный
исправлять,взаимодействие,преодолеть,действие
текст,слуховой,ограничение,разный
написать,аппарат,традиционный,поза
основа,,метод,поза
проблема,,моделирование,пока
столкнуться,,получить,лимитировать
пара,,конкретный,набор
месяц,,измеримый,дать
назад,,результат,тренировка
написать,,решение,нейронки
ниже,,адаптироваться,кажется
полностью,,конкретный,выйти
реально,,задача,крутой
пошло,,различный,приложение
наиболее,,область,большой
ценный,,химический,убеждаться
информация,,горнорудный,будущее
попытка,,пищевой,фейков
ускорить,,промышленность,политик
знание,,металлургия,видимо
точно,,нефтегазовый,большой
ускорить,,отрасль,прийтись
знаете,,фармацевтика,отмазываться
школа,,производственный,разный
задача,,отрасль,видео
решаться,,посмотреть,портить
задача,,пример,репутация
значит,,раздел,говорить
точно,,написать,машина
должный,,радость,лернинга
решение,,обсудить,фейк
дело,,задача,видный
касаться,,предложить,процесс
код,,решение,работа
находиться,,,нейронки
полностью,,,включая
контроль,,,работа
простой,,,фон
сравнить,,,пара
быстродействие,,,пример
различный,,,смена
версия,,,поза
покопаться,,,человек
поговорить,,,спорт
автор,,,нейросеть
этап,,,машинноеобучение
начинать,,,нейросетьдень
работать,,,
ведомый,,,
опыт,,,
интуиция,,,
речь,,,
ида,,,
число,,,
рном,,,
ящик,,,
например,,,
являться,,,
реализация,,,
файловый,,,
система,,,
становиться,,,
сложный,,,
найти,,,
кой,,,
подсказка,,,
замечать,,,
некоторый,,,
файловый,,,
операция,,,
ранний,,,
работать,,,
быстро,,,
стать,,,
работать,,,
медленно,,,
вероятно,,,
снова,,,
заставить,,,
работать,,,
быстро,,,
файловый,,,
операция,,,
работать,,,
быстро,,,
медленно,,,
возможно,,,
заставить,,,
работать,,,
быстро,,,
профилирование,,,
свой,,,
приложение,,,
видеть,,,
хороший,,,
производительность,,,
файловый,,,
операция,,,
большинство,,,
случай,,,
кроме,,,
несколько,,,
горячее,,,
место,,,
почему,,,
работать,,,
значительно,,,
худой,,,
среднее,,,
возможно,,,
мочь,,,
изменить,,,
свой,,,
код,,,
избежать,,,
дать,,,
проблема,,,
мо,,,
метр,,,
случай,,,
заметить,,,
сразу,,,
вышеуказанный,,,
подсказка,,,
дать,,,
возможность,,,
найти,,,
причина,,,
проблема,,,
оказаться,,,
использовать,,,
инструмент,,,
оказаться,,,
способный,,,
замедлить,,,
файловый,,,
операция,,,
ос,,,
вместе,,,
автор,,,
данный,,,
инструмент,,,
удаться,,,
разобраться,,,
просходить,,,
выпустить,,,
фикс,,,
медленный,,,
удаление,,,
файл,,,
снова,,,
снова,,,
собирать,,,
исходник,,,
заметить,,,
очистка,,,
директория,,,
результат,,,
сборка,,,
стать,,,
занимать,,,
несколько,,,
минута,,,
довольно,,,
значительный,,,
часть,,,
цикл,,,
сборка,,,
уверенный,,,
должный,,,
происходить,,,
быстрый,,,
заметить,,,
дать,,,
проблема,,,
случается,,,
момент,,,
удаление,,,
дать,,,
файл,,,
запустить,,,
спойлер,,,
оказаться,,,
число,,,
метр,,,
виноватый,,,
профилирование,,,
помощь,,,
показать,,,
явный,,,
виновник,,,
происходить,,,
дать,,,
несколько,,,
подсказка,,,
привести,,,
мысль,,,
дело,,,
мочь,,,
расширение,,,
делать,,,
работа,,,
проект,,,
несколько,,,
удобный,,,
важный,,,
фич,,,
являться,,,
загрузка,,,
исходный,,,
код,,,
проект,,,
оперативный,,,
память,,,
дальнейший,,,
быстрый,,,
поиск,,,
случай,,,
несколько,,,
гигабайт,,,
зато,,,
поиск,,,
работать,,,
милисекунда,,,
расширение,,,
очень,,,
помогать,,,
работа,,,
десятикратное,,,
замедление,,,
файловый,,,
операция,,,
цена,,,
готовый,,,
платить,,,
воспроизведение,,,
проблема,,,
написание,,,
дать,,,
статья,,,
сэмулировать,,,
проблема,,,
написать,,,
скрипт,,,
созд,,,
удалять,,,
тысяча,,,
файл,,,
папка,,,
находиться,,,
наблюдение,,,
запустить,,,
данный,,,
скрипт,,,
собрать,,,
трейс,,,
событие,,,
помощь,,,
график,,,
использование,,,
процессор,,,
таблица,,,
время,,,
милисекунда,,,
скрипт,,,
работать,,,
около,,,
секунда,,,
кажется,,,
обоснованный,,,
процесс,,,
выполнять,,,
скрипт,,,
использовать,,,
значительный,,,
часть,,,
ресурс,,,
понятно,,,
процесс,,,
занятый,,,
кой,,,
работа,,,
поскольку,,,
заниматься,,,
добавление,,,
удаление,,,
файл,,,
кроме,,,
видеть,,,
таблица,,,
работа,,,
расширение,,,
поскольку,,,
оно,,,
наблюдать,,,
папка,,,
созд,,,
метр,,,
удалять,,,
файл,,,
значит,,,
должный,,,
реагировать,,,
добавлять,,,
удалять,,,
файл,,,
индекс,,,
использовать,,,
немного,,,
ресурс,,,
индексация,,,
новый,,,
файл,,,
вроде,,,
выглядеть,,,
неплохо,,,
знать,,,
код,,,
работать,,,
слишком,,,
медленно,,,
контраст,,,
график,,,
использование,,,
процессор,,,
случай,,,
создание,,,
удаление,,,
файл,,,
директория,,,
находиться,,,
наблюдение,,,
производительность,,,
подняться,,,
понятный,,,
дело,,,
загрузка,,,
исчезнуть,,,
полностью,,,
заканчиваться,,,
выполнять,,,
скрипт,,,
стать,,,
работать,,,
намного,,,
быстрый,,,
время,,,
выполнение,,,
скрипт,,,
упасть,,,
мс,,,
мс,,,
процесс,,,
вообще,,,
ускориться,,,
мс,,,
мс,,,
происходить,,,
график,,,
основываться,,,
информация,,,
переключение,,,
контекст,,,
хороший,,,
возможность,,,
сказать,,,
сколько,,,
именно,,,
процессорный,,,
ресурс,,,
использовать,,,
иной,,,
процесс,,,
понять,,,
именно,,,
процесс,,,
тратить,,,
время,,,
воспользоваться,,,
график,,,
основать,,,
снимка,,,
стек,,,
вызов,,,
функция,,,
умолчание,,,
сделать,,,
частота,,,
секунда,,,
вид,,,
представление,,,
дать,,,
группировать,,,
дать,,,
процесс,,,
затем,,,
поток,,,
затем,,,
модуль,,,
функция,,,
дать,,,
случай,,,
процесс,,,
видеть,,,
снимка,,,
работа,,,
происходить,,,
модула,,,
намного,,,
большой,,,
время,,,
выполнение,,,
код,,,
имя,,,
вообще,,,
пренебречь,,,
углубляться,,,
исследование,,,
делать,,,
видеть,,,
именно,,,
функция,,,
метр,,,
вызываться,,,
чаща,,,
вызываться,,,
функция,,,
выделение,,,
память,,,
функция,,,
очистка,,,
память,,,
ассоциированный,,,
отказ,,,
страница,,,
кажется,,,
немного,,,
странный,,,
тест,,,
работа,,,
файловый,,,
система,,,
большой,,,
ресурс,,,
занимать,,,
задача,,,
выделение,,,
очистка,,,
память,,,
правда,,,
подождать,,,
ещ,,,
второе,,,
занятость,,,
система,,,
являться,,,
процесс,,,
занятый,,,
думать,,,
обнуление,,,
освобожд,,,
нный,,,
страница,,,
память,,,
таки,,,
происходить,,,
вернуться,,,
анализ,,,
снимок,,,
колстек,,,
процесс,,,
поискать,,,
функция,,,
найти,,,
уровень,,,
ниже,,,
колстечь,,,
удивительно,,,
ранний,,,
пропустить,,,
правый,,,
клик,,,
выбирать,,,
видеть,,,
общий,,,
затрата,,,
вызов,,,
включая,,,
время,,,
выполнение,,,
дочерний,,,
функция,,,
составлять,,,
примерно,,,
половина,,,
загрузка,,,
процессор,,,
снимка,,,
сделать,,,
вызывающий,,,
функция,,,
практически,,,
правый,,,
клик,,,
показать,,,
дать,,,
функция,,,
выделять,,,
память,,,
вызывать,,,
потреблять,,,
около,,,
процессорный,,,
время,,,
процесс,,,
поиск,,,
проблема,,,
место,,,
исследование,,,
несколько,,,
поздний,,,
оказаться,,,
неверный,,,
догадка,,,
касаться,,,
частый,,,
вызов,,,
подумать,,,
генерация,,,
имя,,,
файл,,,
формат,,,
работать,,,
слишком,,,
медленно,,,
отключение,,,
ничто,,,
изменить,,,
конец,,,
конец,,,
остановить,,,
свой,,,
попытка,,,
постичь,,,
непостижимый,,,
колстечь,,,
вместо,,,
задуматься,,,
работать,,,
расширение,,,
загрузка,,,
оно,,,
просто,,,
должный,,,
прочесть,,,
загрузить,,,
память,,,
содержимое,,,
файл,,,
контролировать,,,
папка,,,
лишь,,,
отслеживать,,,
изменение,,,
предположить,,,
оно,,,
иметь,,,
тип,,,
монитор,,,
изменение,,,
файловый,,,
система,,,
знать,,,
расширение,,,
недавно,,,
получить,,,
обновление,,,
метр,,,
автор,,,
увеличить,,,
буфер,,,
храниться,,,
нотификация,,,
изменение,,,
файл,,,
почему,,,
операционный,,,
система,,,
очень,,,
понравиться,,,
попробовать,,,
откатиться,,,
предыдущий,,,
версия,,,
расширение,,,
меньший,,,
буфер,,,
действительно,,,
исправить,,,
проблема,,,
данный,,,
буфер,,,
выделяться,,,
помощь,,,
функция,,,
затем,,,
заполняться,,,
информация,,,
изменение,,,
файловый,,,
система,,,
избежание,,,
утечка,,,
дать,,,
ядро,,,
ос,,,
неиспользуемый,,,
часть,,,
буфер,,,
обнуляться,,,
буфер,,,
достаточно,,,
большой,,,
объ,,,
метр,,,
пересылать,,,
информация,,,
относительно,,,
маленький,,,
обнуление,,,
занимать,,,
большой,,,
часть,,,
время,,,
добавить,,,
провайдер,,,
дать,,,
найти,,,
просматривать,,,
результат,,,
вызов,,,
сессия,,,
увидеть,,,
часто,,,
случаться,,,
отказ,,,
страница,,,
впечатляющий,,,
случиться,,,
отказ,,,
страница,,,
попытка,,,
обнуление,,,
дать,,,
соответствовать,,,
дать,,,
около,,,
буфер,,,
буфер,,,
каждый,,,
тысяча,,,
создать,,,
удалый,,,
нный,,,
файл,,,
подсказать,,,
должный,,,
создавать,,,
около,,,
событие,,,
каждый,,,
создать,,,
удалый,,,
нный,,,
файл,,,
значит,,,
большинство,,,
буфер,,,
нотификация,,,
содержимый,,,
лишь,,,
запись,,,
отказ,,,
страница,,,
процесс,,,
тип,,,
большой,,,
буфер,,,
документация,,,
рекомендовать,,,
использовать,,,
большой,,,
буфер,,,
вда,,,
тся,,,
подробность,,,
грозить,,,
машина,,,
разработчик,,,
достаточно,,,
оперативный,,,
память,,,
однажды,,,
очень,,,
частый,,,
файловый,,,
операция,,,
баг,,,
ядро,,,
писать,,,
ранее,,,
привести,,,
переполнение,,,
ранее,,,
использовать,,,
буфер,,,
кв,,,
просто,,,
значительно,,,
увеличить,,,
взгляд,,,
помочь,,,
крайний,,,
мера,,,
решение,,,
проблема,,,
хотя,,,
замедлить,,,
файловый,,,
операция,,,
автор,,,
расширение,,,
узнать,,,
проблема,,,
решить,,,
уменьшить,,,
буфер,,,
обратно,,,
обрабатывать,,,
ошибка,,,
переполнение,,,
изящно,,,
временно,,,
приостанавливать,,,
мониторинг,,,
ирония,,,
дать,,,
ситуация,,,
состоять,,,
большинство,,,
затрата,,,
ресурс,,,
вызов,,,
отказ,,,
страница,,,
обнуление,,,
случаться,,,
разный,,,
часть,,,
ядро,,,
ос,,,
достаточно,,,
общаться,,,
друг,,,
друг,,,
система,,,
нотификация,,,
запрашивать,,,
память,,,
получать,,,
обнуть,,,
нный,,,
снова,,,
пытаться,,,
обнулить,,,
знать,,,
память,,,
обнулить,,,
пытаться,,,
сделать,,,
лишний,,,
отказ,,,
страница,,,
жизнь,,,
хороший,,,
эй,,,
классный,,,
идея,,,
сделать,,,
система,,,
нотификация,,,
изменение,,,
файловый,,,
система,,,
хороший,,,
вооружиться,,,
знание,,,
достаточно,,,
просто,,,
написать,,,
код,,,
мониторить,,,
изменение,,,
файловый,,,
система,,,
корень,,,
иметься,,,
диск,,,
использовать,,,
буфер,,,
нотификация,,,
сначала,,,
небольшой,,,
существенно,,,
больший,,,
размер,,,
интересно,,,
влияние,,,
быстродействие,,,
система,,,
буфер,,,
ещ,,,
интересно,,,
должный,,,
размер,,,
использовать,,,
казалось,,,
невинный,,,
возможность,,,
пользовательский,,,
режим,,,
замедлить,,,
крайне,,,
возможный,,,
степень,,,
трейс,,,
позволять,,,
достаточно,,,
просто,,,
понять,,,
буферы,,,
нотификация,,,
являться,,,
проблема,,,
каждый,,,
процесс,,,
выполнять,,,
файловый,,,
операция,,,
показывать,,,
крайне,,,
время,,,
потратить,,,
показывать,,,
использовать,,,
очень,,,
большой,,,
буфер,,,
нотификация,,,
найти,,,
процесс,,,
виновник,,,
очень,,,
просто,,,
поскольку,,,
память,,,
случай,,,
выделяться,,,
помощь,,,
освобождаться,,,
помощь,,,
мочь,,,
поискать,,,
вызов,,,
функция,,,
иметься,,,
коллстек,,,
найти,,,
полезный,,,
ссылка,,,
исходный,,,
код,,,
скачать,,,
реализовать,,,
помощь,,,
работать,,,
описать,,,
увеличение,,,
размер,,,
буфер,,,
случиться,,,
коммитя,,,
войти,,,
билд,,,
обратный,,,
уменьшение,,,
случиться,,,
комитя,,,
войти,,,
версия,,,
рекомендовать,,,
пользователь,,,
обновиться,,,
последний,,,
версия,,,
трейс,,,
упомянуть,,,
статья,,,
скрипт,,,
скачать,,,
созд,,,
удалять,,,
файл,,,
дважды,,,
директория,,,
наблюдение,,,
ненаблюдаемый,,,
директория,,,
полусекундный,,,
пауза,,,
воспроизведение,,,
эксперимент,,,
статья,,,
понадобиться,,,
соответствующий,,,
версия,,,
настроить,,,
мониторинг,,,
нужный,,,
папка,,,
следующий,,,
статья,,,
рассказать,,,
позволять,,,
случайно,,,
создать,,,
процесс,,,
время,,,
